permission,@everyone,Dannyling,Pepto Bismol Spoonies,@here,Dannyling@here,* Channel perms
view_channel,,,,deny,allow,allow
manage_channels,,,,,,
manage_roles,,,,,,
webhooks,,,,,,
invite,,allow,,,,allow
send_messages,,allow,,deny,allow,allow
embed_links,,allow,,,,allow
attach_files,,allow,,,,allow
add_reactions,,allow,,,,allow
extern_emotes,,allow,,,,allow
mass_mentions,,,,,,
manage_messages,,,,,,
message_history,,allow,,,,allow
text_to_speech,,,,deny,,deny
slash_commands,allow,allow,allow,,,allow
