permission,@everyone,Mods,Twitch Mods,@here,* Channel perms
view_channel,,,,deny,deny
manage_channels,,,,,
manage_roles,,allow,,,allow
webhooks,,,allow,,allow
invite,,allow,allow,,allow
send_messages,,allow,allow,deny,deny
embed_links,,allow,allow,,allow
attach_files,,allow,allow,,allow
add_reactions,,,allow,,allow
extern_emotes,,allow,allow,,allow
mass_mentions,,,allow,,allow
manage_messages,,,allow,,allow
message_history,,allow,allow,,allow
text_to_speech,,,,deny,deny
slash_commands,allow,allow,allow,,allow
