permission,@everyone,Lord Pepper,@here,Lord Pepper@here,* Channel perms
view_channel,,allow,allow,,allow
manage_channels,,allow,,allow,allow
manage_roles,,allow,,allow,allow
webhooks,,allow,,allow,allow
invite,,allow,,allow,allow
send_messages,,allow,allow,allow,allow
embed_links,,allow,,allow,allow
attach_files,,allow,,allow,allow
add_reactions,,allow,deny,allow,allow
extern_emotes,,allow,,allow,allow
mass_mentions,,allow,,allow,allow
manage_messages,,allow,,allow,allow
message_history,,allow,allow,allow,allow
text_to_speech,,allow,,allow,allow
slash_commands,allow,allow,,allow,allow
