permission,@everyone,Mods,Discord Mods,@here,Discord Mods@here,* Channel perms
view_channel,,,,allow,allow,allow
manage_channels,,,,,,
manage_roles,,allow,allow,,,allow
webhooks,,,,,,
invite,,allow,allow,,,allow
send_messages,,allow,allow,allow,allow,allow
embed_links,,allow,allow,,,allow
attach_files,,allow,allow,,,allow
add_reactions,,,allow,deny,,deny
extern_emotes,,allow,allow,,,allow
mass_mentions,,,allow,,,allow
manage_messages,,,allow,,,allow
message_history,,allow,allow,allow,allow,allow
text_to_speech,,,,,,
slash_commands,allow,allow,allow,,,allow
