permission,@everyone,Dannyling,Spoonies,Pepto Bismol Spoonies,@here,Dannyling@here,* Channel perms
view_channel,,,,,allow,allow,allow
manage_channels,,,,,,,
manage_roles,,,,,,,
webhooks,,,,,,,
invite,,allow,,,,,allow
send_messages,,allow,,,allow,deny,deny
embed_links,,allow,,,,,allow
attach_files,,allow,,,,,allow
add_reactions,,allow,,,deny,deny,deny
extern_emotes,,allow,,,,,allow
mass_mentions,,,,,,,
manage_messages,,,,,,,
message_history,,allow,,,allow,,allow
text_to_speech,,,,,,,
slash_commands,allow,allow,allow,allow,,,allow
