permission,@everyone,Minecraft,Dannyling,@here,Dannyling@here,* Channel perms
view_channel,,,,deny,allow,allow
manage_channels,,,,,,
manage_roles,,,,,,
webhooks,,,,,,
invite,,allow,allow,,,allow
send_messages,,allow,allow,deny,allow,allow
embed_links,,allow,allow,,,allow
attach_files,,allow,allow,,,allow
add_reactions,,,allow,,,allow
extern_emotes,,allow,allow,,,allow
mass_mentions,,,,,,
manage_messages,,,,,,
message_history,,allow,allow,,,allow
text_to_speech,,,,,,
slash_commands,allow,allow,allow,,,allow
