permission,@everyone,Functional Bots,Bots,@here,Functional Bots@here,* Channel perms
view_channel,,,allow,deny,allow,allow
manage_channels,,,allow,,,allow
manage_roles,,,allow,,,allow
webhooks,,allow,allow,,,allow
invite,,,allow,,,allow
send_messages,,allow,allow,deny,allow,allow
embed_links,,,allow,,,allow
attach_files,,,allow,,,allow
add_reactions,,,allow,deny,,allow
extern_emotes,,,allow,,,allow
mass_mentions,,allow,allow,,allow,allow
manage_messages,,,allow,,,allow
message_history,,,allow,,,allow
text_to_speech,,,allow,,,allow
slash_commands,allow,allow,allow,,,allow
