permission,@everyone,Mods,Twitch Mods,Discord Mods,@here,Twitch Mods@here,Discord Mods@here,* Channel perms
view_channel,,,,,allow,allow,allow,allow
manage_channels,,,,,,,,
manage_roles,,allow,,allow,,,,allow
webhooks,,,allow,,,,,allow
invite,,allow,allow,allow,,,,allow
send_messages,,allow,allow,allow,deny,allow,allow,allow
embed_links,,allow,allow,allow,allow,,,allow
attach_files,,allow,allow,allow,deny,,,deny
add_reactions,,,allow,allow,allow,,,allow
extern_emotes,,allow,allow,allow,,,,allow
mass_mentions,,,allow,allow,,,,allow
manage_messages,,,allow,allow,,,,allow
message_history,,allow,allow,allow,allow,,allow,allow
text_to_speech,,,,,,,,
slash_commands,allow,allow,allow,allow,,,,allow
