permission,@everyone,Game Event,Dannyling,@here,Dannyling@here,* Channel perms
view_channel,,,,allow,allow,allow
manage_channels,,,,,,
manage_roles,,,,,,
webhooks,,,,,,
invite,,,allow,,,allow
send_messages,,,allow,deny,deny,deny
embed_links,,,allow,allow,allow,allow
attach_files,,,allow,deny,,deny
add_reactions,,,allow,allow,,allow
extern_emotes,,,allow,,,allow
mass_mentions,,,,,,
manage_messages,,,,,,
message_history,,,allow,allow,,allow
text_to_speech,,,,,,
slash_commands,allow,allow,allow,,,allow
