permission,@everyone,Dannyling,Spoonies,Pepto Bismol Spoonies,@here,Pepto Bismol Spoonies@here,Dannyling@here,Spoonies@here,* Channel perms
view_channel,,,,,deny,,,,deny
manage_channels,,,,,,,,,
manage_roles,,,,,,,,,
webhooks,,,,,,,,,
invite,,allow,,,,,,,allow
send_messages,,allow,,,deny,allow,deny,allow,allow
embed_links,,allow,,,,,deny,,deny
attach_files,,allow,,,,,deny,,deny
add_reactions,,allow,,,,,deny,,deny
extern_emotes,,allow,,,,,,,allow
mass_mentions,,,,,,,,,
manage_messages,,,,,,,,,
message_history,,allow,,,,,,,allow
text_to_speech,,,,,,,,,
slash_commands,allow,allow,allow,allow,,,,,allow
