permission,@everyone,Game Event,Game Event Organizer,Dannyling,@here,Dannyling@here,* Channel perms
view_channel,,,,,deny,,deny
manage_channels,,,,,,,
manage_roles,,,,,,,
webhooks,,,,,,,
invite,,,,allow,,,allow
send_messages,,,,allow,deny,deny,deny
embed_links,,,,allow,,deny,deny
attach_files,,,,allow,,deny,deny
add_reactions,,,,allow,,deny,deny
extern_emotes,,,,allow,,,allow
mass_mentions,,,,,,,
manage_messages,,,,,,,
message_history,,,,allow,,,allow
text_to_speech,,,,,,,
slash_commands,allow,allow,allow,allow,,,allow
