permission,@everyone,Mods,Twitch Mods,Discord Mods,Community Manager,@here,Discord Mods@here,Community Manager@here,Twitch Mods@here,* Channel perms
view_channel,,,,,,deny,allow,allow,allow,allow
manage_channels,,,,,allow,,,,,allow
manage_roles,,allow,,allow,allow,,,,,allow
webhooks,,,allow,,allow,,,,,allow
invite,,allow,allow,allow,allow,,,,,allow
send_messages,,allow,allow,allow,allow,,allow,allow,allow,allow
embed_links,,allow,allow,allow,allow,,allow,allow,allow,allow
attach_files,,allow,allow,allow,allow,,allow,allow,allow,allow
add_reactions,,,allow,allow,allow,,,,,allow
extern_emotes,,allow,allow,allow,allow,,,,,allow
mass_mentions,,,allow,allow,allow,,,,,allow
manage_messages,,,allow,allow,allow,,allow,allow,,allow
message_history,,allow,allow,allow,allow,,allow,allow,,allow
text_to_speech,,,,,,,,,,
slash_commands,allow,allow,allow,allow,allow,,,,,allow
