permission,@everyone,Game Event,Game Event Organizer,Dannyling,@here,Game Event@here,Game Event Organizer@here,* Channel perms
view_channel,,,,,deny,allow,,allow
manage_channels,,,,,,,,
manage_roles,,,,,,,,
webhooks,,,,,,,,
invite,,,,allow,,,,allow
send_messages,,,,allow,,,,allow
embed_links,,,,allow,,,,allow
attach_files,,,,allow,,,,allow
add_reactions,,,,allow,,,,allow
extern_emotes,,,,allow,,,,allow
mass_mentions,,,,,,,,
manage_messages,,,,,,,allow,allow
message_history,,,,allow,,,,allow
text_to_speech,,,,,,,,
slash_commands,allow,allow,allow,allow,,,,allow
